序号,链接,节点数
0,https://gist.githubusercontent.com/peasoft/40b87245630092f30cc98af61190b4e2/raw/,10
1,https://raw.githubusercontent.com/Alvin9999/pac2/master/clash.meta2/1/config.yaml,1
2,https://raw.githubusercontent.com/Alvin9999/pac2/master/clash.meta2/13/config.yaml,1
3,https://raw.githubusercontent.com/Alvin9999/pac2/master/clash.meta2/15/config.yaml,1
4,https://raw.githubusercontent.com/Alvin9999/pac2/master/clash.meta2/2/config.yaml,1
5,https://raw.githubusercontent.com/Alvin9999/pac2/master/clash.meta2/config.yaml,1
6,https://raw.githubusercontent.com/Huibq/TrojanLinks/master/links/vmess,0
7,https://raw.githubusercontent.com/Misaka-blog/chromego_merge/refs/heads/main/sub/merged_proxies_new.yaml,16
8,https://raw.githubusercontent.com/Surfboardv2ray/TGParse/main/python/hy2,0
9,https://raw.githubusercontent.com/Surfboardv2ray/TGParse/main/python/hysteria2,106
10,https://raw.githubusercontent.com/ripaojiedian/freenode/main/clash,13
11,https://raw.githubusercontent.com/ripaojiedian/freenode/main/sub,13
12,https://raw.githubusercontent.com/zhangkaiitugithub/passcro/main/speednodes.yaml,24
13,https://vWJbvv.absslk.xyz/133deff92dd4e158bffd6b408653e04a,0
14,https://xB4g9q.mcsslk.xyz/124a80e4d4827f29427d3fb6e50e08d1,0

总计,,131
